<?xml version="1.0"?>
<!--<!DOCTYPE metadata SYSTEM "http://www.esri.com/metadata/esriprof80.dtd">-->
<metadata xml:lang="en"><Esri><CreaDate>20111206</CreaDate><CreaTime>13055300</CreaTime><SyncOnce>FALSE</SyncOnce><SyncDate>20100915</SyncDate><SyncTime>15153400</SyncTime><ModDate>20100915</ModDate><ModTime>15153400</ModTime><DataProperties><lineage><Process ToolSource="C:\Program Files\ArcGIS\ArcToolbox\Toolboxes\Data Management Tools.tbx\CopyFeatures" Date="20100915" Time="122247">CopyFeatures C:\Projects\ACDI_VOCA\advancegis\Kwaebibirem\KB_utm.shp C:\Projects\ACDI_VOCA\advancegis\Kwaebibirem\KB_Area.shp # 0 0 0</Process><Process ToolSource="C:\Program Files\ArcGIS\ArcToolbox\Toolboxes\Data Management Tools.tbx\AddField" Date="20100915" Time="122247">AddField C:\Projects\ACDI_VOCA\advancegis\Kwaebibirem\KB_Area.shp F_AREA DOUBLE # # # # NON_NULLABLE NON_REQUIRED # C:\Projects\ACDI_VOCA\advancegis\Kwaebibirem\KB_Area.shp</Process><Process Name="CalculateAreas_2" ToolSource="C:\Program Files\ArcGIS\ArcToolbox\Toolboxes\Spatial Statistics Tools.tbx\CalculateAreas" Date="20100915" Time="122248">CalculateAreas C:\Projects\ACDI_VOCA\advancegis\Kwaebibirem\KB_utm.shp C:\Projects\ACDI_VOCA\advancegis\Kwaebibirem\KB_Area.shp</Process><Process Name="FeatureClassToFeatureClass_3" ToolSource="C:\Program Files\ArcGIS\ArcToolbox\Toolboxes\Conversion Tools.tbx\FeatureClassToFeatureClass" Date="20100915" Time="151537">FeatureClassToFeatureClass L:\Gerald\KB_Area.shp L:\Gerald\Data_match.gdb KB_AT # "quid quid true false false 254 Text 0 0 ,First,#,L:\Gerald\KB_Area.shp,quid,-1,-1;Surveyor Surveyor true false false 254 Text 0 0 ,First,#,L:\Gerald\KB_Area.shp,Surveyor,-1,-1;FarmCode FarmCode true false false 254 Text 0 0 ,First,#,L:\Gerald\KB_Area.shp,FarmCode,-1,-1;ADVZID ADVZID true false false 254 Text 0 0 ,First,#,L:\Gerald\KB_Area.shp,ADVZID,-1,-1;Region Region true false false 254 Text 0 0 ,First,#,L:\Gerald\KB_Area.shp,Region,-1,-1;District District true false false 254 Text 0 0 ,First,#,L:\Gerald\KB_Area.shp,District,-1,-1;FARmerID FARmerID true false false 254 Text 0 0 ,First,#,L:\Gerald\KB_Area.shp,FARmerID,-1,-1;Farname Farname true false false 254 Text 0 0 ,First,#,L:\Gerald\KB_Area.shp,Farname,-1,-1;WorkMiDA WorkMiDA true false false 254 Text 0 0 ,First,#,L:\Gerald\KB_Area.shp,WorkMiDA,-1,-1;FARponame FARponame true false false 254 Text 0 0 ,First,#,L:\Gerald\KB_Area.shp,FARponame,-1,-1;Sex Sex true false false 254 Text 0 0 ,First,#,L:\Gerald\KB_Area.shp,Sex,-1,-1;Age Age true false false 19 Double 6 18 ,First,#,L:\Gerald\KB_Area.shp,Age,-1,-1;FARHEDU FARHEDU true false false 254 Text 0 0 ,First,#,L:\Gerald\KB_Area.shp,FARHEDU,-1,-1;Community Community true false false 254 Text 0 0 ,First,#,L:\Gerald\KB_Area.shp,Community,-1,-1;Type Type true false false 254 Text 0 0 ,First,#,L:\Gerald\KB_Area.shp,Type,-1,-1;FARCont FARCont true false false 254 Text 0 0 ,First,#,L:\Gerald\KB_Area.shp,FARCont,-1,-1;HSEhead HSEhead true false false 254 Text 0 0 ,First,#,L:\Gerald\KB_Area.shp,HSEhead,-1,-1;HSEheadSex HSEheadSex true false false 254 Text 0 0 ,First,#,L:\Gerald\KB_Area.shp,HSEheadSex,-1,-1;HSEheadAge HSEheadAge true false false 19 Double 6 18 ,First,#,L:\Gerald\KB_Area.shp,HSEheadAge,-1,-1;NCSGA NCSGA true false false 19 Double 6 18 ,First,#,L:\Gerald\KB_Area.shp,NCSGA,-1,-1;NCIS NCIS true false false 19 Double 6 18 ,First,#,L:\Gerald\KB_Area.shp,NCIS,-1,-1;HHEDU HHEDU true false false 254 Text 0 0 ,First,#,L:\Gerald\KB_Area.shp,HHEDU,-1,-1;FArea FArea true false false 19 Double 6 18 ,First,#,L:\Gerald\KB_Area.shp,FArea,-1,-1;FCoord FCoord true false false 254 Text 0 0 ,First,#,L:\Gerald\KB_Area.shp,FCoord,-1,-1;FMajCrop FMajCrop true false false 254 Text 0 0 ,First,#,L:\Gerald\KB_Area.shp,FMajCrop,-1,-1;FMajCroA FMajCroA true false false 19 Double 6 18 ,First,#,L:\Gerald\KB_Area.shp,FMajCroA,-1,-1;FMajCVol FMajCVol true false false 254 Text 0 0 ,First,#,L:\Gerald\KB_Area.shp,FMajCVol,-1,-1;FminCrop FminCrop true false false 254 Text 0 0 ,First,#,L:\Gerald\KB_Area.shp,FminCrop,-1,-1;FMinCroA FMinCroA true false false 19 Double 6 18 ,First,#,L:\Gerald\KB_Area.shp,FMinCroA,-1,-1;FMinVol FMinVol true false false 254 Text 0 0 ,First,#,L:\Gerald\KB_Area.shp,FMinVol,-1,-1;FBOmem FBOmem true false false 254 Text 0 0 ,First,#,L:\Gerald\KB_Area.shp,FBOmem,-1,-1;FBOName FBOName true false false 254 Text 0 0 ,First,#,L:\Gerald\KB_Area.shp,FBOName,-1,-1;SurvName SurvName true false false 254 Text 0 0 ,First,#,L:\Gerald\KB_Area.shp,SurvName,-1,-1;DateSurve DateSurve true true false 8 Date 0 0 ,First,#,L:\Gerald\KB_Area.shp,DateSurve,-1,-1;Spacing Spacing true false false 19 Double 6 18 ,First,#,L:\Gerald\KB_Area.shp,Spacing,-1,-1;PlantPop PlantPop true false false 19 Double 6 18 ,First,#,L:\Gerald\KB_Area.shp,PlantPop,-1,-1;Variety Variety true false false 254 Text 0 0 ,First,#,L:\Gerald\KB_Area.shp,Variety,-1,-1;YearPlante YearPlante true false false 19 Double 6 18 ,First,#,L:\Gerald\KB_Area.shp,YearPlante,-1,-1;TreeAge TreeAge true false false 19 Double 6 18 ,First,#,L:\Gerald\KB_Area.shp,TreeAge,-1,-1;Pro_MedS Pro_MedS true false false 19 Double 6 18 ,First,#,L:\Gerald\KB_Area.shp,Pro_MedS,-1,-1;Pro_LatVal Pro_LatVal true false false 19 Double 6 18 ,First,#,L:\Gerald\KB_Area.shp,Pro_LatVal,-1,-1;Pro_RedBLD Pro_RedBLD true false false 19 Double 6 18 ,First,#,L:\Gerald\KB_Area.shp,Pro_RedBLD,-1,-1;Pro_WasNav Pro_WasNav true false false 19 Double 6 18 ,First,#,L:\Gerald\KB_Area.shp,Pro_WasNav,-1,-1;ProOrth ProOrth true false false 19 Double 6 18 ,First,#,L:\Gerald\KB_Area.shp,ProOrth,-1,-1;ProLocals ProLocals true false false 19 Double 6 18 ,First,#,L:\Gerald\KB_Area.shp,ProLocals,-1,-1;Pro_tang Pro_tang true false false 19 Double 6 18 ,First,#,L:\Gerald\KB_Area.shp,Pro_tang,-1,-1;Pro_Other Pro_Other true false false 19 Double 6 18 ,First,#,L:\Gerald\KB_Area.shp,Pro_Other,-1,-1;Rootstock Rootstock true false false 254 Text 0 0 ,First,#,L:\Gerald\KB_Area.shp,Rootstock,-1,-1;Majharv_ti Majharv_ti true false false 254 Text 0 0 ,First,#,L:\Gerald\KB_Area.shp,Majharv_ti,-1,-1;minharv_ti minharv_ti true false false 254 Text 0 0 ,First,#,L:\Gerald\KB_Area.shp,minharv_ti,-1,-1;Flo_period Flo_period true false false 19 Double 6 18 ,First,#,L:\Gerald\KB_Area.shp,Flo_period,-1,-1;FCPT FCPT true false false 19 Double 6 18 ,First,#,L:\Gerald\KB_Area.shp,FCPT,-1,-1;FQHPA FQHPA true false false 19 Double 6 18 ,First,#,L:\Gerald\KB_Area.shp,FQHPA,-1,-1;marketacc marketacc true false false 254 Text 0 0 ,First,#,L:\Gerald\KB_Area.shp,marketacc,-1,-1;Mainbuyer Mainbuyer true false false 254 Text 0 0 ,First,#,L:\Gerald\KB_Area.shp,Mainbuyer,-1,-1;Nd_2uyer Nd_2uyer true false false 254 Text 0 0 ,First,#,L:\Gerald\KB_Area.shp,Nd_2uyer,-1,-1;Roadacce Roadacce true false false 254 Text 0 0 ,First,#,L:\Gerald\KB_Area.shp,Roadacce,-1,-1;DIST_RD DIST_RD true false false 19 Double 6 18 ,First,#,L:\Gerald\KB_Area.shp,DIST_RD,-1,-1;Time_RD Time_RD true false false 19 Double 6 18 ,First,#,L:\Gerald\KB_Area.shp,Time_RD,-1,-1;F_AREA F_AREA true false false 19 Double 0 0 ,First,#,L:\Gerald\KB_Area.shp,F_AREA,-1,-1;Area_acre Area_acre true false false 19 Double 2 18 ,First,#,L:\Gerald\KB_Area.shp,Area_acre,-1,-1" # L:\Gerald\Data_match.gdb\KB_AT</Process><Process ToolSource="C:\Program Files\ArcGIS\ArcToolbox\Toolboxes\Data Management Tools.tbx\DeleteField" Date="20111206" Time="131104">DeleteField farms Region;District;WorkMiDA;Community;FCoord;Mainbuyer;Roadacce;DIST_RD;Time_RD farms</Process><Process ToolSource="C:\Program Files\ArcGIS\ArcToolbox\Toolboxes\Data Management Tools.tbx\DeleteField" Date="20111206" Time="131603">DeleteField farms OBJECTID;Type;FARCont;HSEhead;HSEheadSex;HSEheadAge;NCSGA;NCIS;FMajCroA;FMajCVol;FMinVol;FBOmem;FBOName;SurvName;DateSurve;Spacing;Pro_MedS;Pro_LatVal;Pro_RedBLD;Pro_WasNav;ProOrth;ProLocals;Pro_tang;Pro_Other;Majharv_ti farms</Process></lineage></DataProperties><MetaID>{C7350C64-F1F9-42EC-8032-C4EEBE6E2A4C}</MetaID></Esri><idinfo><native Sync="TRUE">Microsoft Windows XP Version 5.1 (Build 2600) Service Pack 3; ESRI ArcCatalog 9.2.6.1500</native><descript><langdata Sync="TRUE">en</langdata><abstract>REQUIRED: A brief narrative summary of the data set.</abstract><purpose>REQUIRED: A summary of the intentions with which the data set was developed.</purpose></descript><citation><citeinfo><origin>REQUIRED: The name of an organization or individual that developed the data set.</origin><pubdate>REQUIRED: The date when the data set is published or otherwise made available for release.</pubdate><title Sync="TRUE">KB_AT</title><ftname Sync="TRUE">KB_AT</ftname><geoform Sync="TRUE">vector digital data</geoform><onlink Sync="TRUE"></onlink></citeinfo></citation><timeperd><current>REQUIRED: The basis on which the time period of content information is determined.</current><timeinfo><sngdate><caldate>REQUIRED: The year (and optionally month, or month and day) for which the data set corresponds to the ground.</caldate></sngdate></timeinfo></timeperd><status><progress>REQUIRED: The state of the data set.</progress><update>REQUIRED: The frequency with which changes and additions are made to the data set after the initial data set is completed.</update></status><spdom><bounding><westbc Sync="TRUE">REQUIRED: Western-most coordinate of the limit of coverage expressed in longitude.</westbc><eastbc Sync="TRUE">REQUIRED: Eastern-most coordinate of the limit of coverage expressed in longitude.</eastbc><northbc Sync="TRUE">REQUIRED: Northern-most coordinate of the limit of coverage expressed in latitude.</northbc><southbc Sync="TRUE">REQUIRED: Southern-most coordinate of the limit of coverage expressed in latitude.</southbc></bounding></spdom><keywords><theme><themekt>REQUIRED: Reference to a formally registered thesaurus or a similar authoritative source of theme keywords.</themekt><themekey>REQUIRED: Common-use word or phrase used to describe the subject of the data set.</themekey></theme></keywords><accconst>REQUIRED: Restrictions and legal prerequisites for accessing the data set.</accconst><useconst>REQUIRED: Restrictions and legal prerequisites for using the data set after access is granted.</useconst><natvform Sync="TRUE">File Geodatabase Feature Class</natvform></idinfo><dataIdInfo><envirDesc Sync="TRUE">Microsoft Windows XP Version 5.1 (Build 2600) Service Pack 3; ESRI ArcCatalog 9.2.6.1500</envirDesc><dataLang><languageCode Sync="TRUE" value="en"></languageCode></dataLang><idCitation><resTitle Sync="TRUE">KB_AT</resTitle><presForm><PresFormCd Sync="TRUE" value="005"></PresFormCd></presForm></idCitation><spatRpType><SpatRepTypCd Sync="TRUE" value="001"></SpatRepTypCd></spatRpType></dataIdInfo><metainfo><langmeta Sync="TRUE">en</langmeta><metstdn Sync="TRUE">FGDC Content Standards for Digital Geospatial Metadata</metstdn><metstdv Sync="TRUE">FGDC-STD-001-1998</metstdv><mettc Sync="TRUE">local time</mettc><metc><cntinfo><cntorgp><cntper>REQUIRED: The person responsible for the metadata information.</cntper><cntorg>REQUIRED: The organization responsible for the metadata information.</cntorg></cntorgp><cntaddr><addrtype>REQUIRED: The mailing and/or physical address for the organization or individual.</addrtype><city>REQUIRED: The city of the address.</city><state>REQUIRED: The state or province of the address.</state><postal>REQUIRED: The ZIP or other postal code of the address.</postal></cntaddr><cntvoice>REQUIRED: The telephone number by which individuals can speak to the organization or individual.</cntvoice></cntinfo></metc><metd Sync="TRUE">20100915</metd><metextns><onlink Sync="TRUE">http://www.esri.com/metadata/esriprof80.html</onlink><metprof Sync="TRUE">ESRI Metadata Profile</metprof></metextns></metainfo><mdLang><languageCode Sync="TRUE" value="en"></languageCode></mdLang><mdStanName Sync="TRUE">ISO 19115 Geographic Information - Metadata</mdStanName><mdStanVer Sync="TRUE">DIS_ESRI1.0</mdStanVer><mdChar><CharSetCd Sync="TRUE" value="004"></CharSetCd></mdChar><mdHrLv><ScopeCd Sync="TRUE" value="005"></ScopeCd></mdHrLv><mdHrLvName Sync="TRUE">dataset</mdHrLvName><distinfo><resdesc Sync="TRUE">Downloadable Data</resdesc><stdorder><digform><digtinfo><transize Sync="TRUE">0.000</transize><dssize Sync="TRUE">0.000</dssize></digtinfo></digform></stdorder></distinfo><distInfo><distributor><distorTran><onLineSrc><orDesc Sync="TRUE">002</orDesc><linkage Sync="TRUE">file://</linkage><protocol Sync="TRUE">Local Area Network</protocol></onLineSrc><transSize Sync="TRUE">0.000</transSize></distorTran><distorFormat><formatName Sync="TRUE">File Geodatabase Feature Class</formatName></distorFormat></distributor></distInfo><spdoinfo><direct Sync="TRUE">Vector</direct><ptvctinf><esriterm Name="KB_AT"><efeatyp Sync="TRUE">Simple</efeatyp><efeageom Sync="TRUE">Polygon</efeageom><esritopo Sync="TRUE">FALSE</esritopo><efeacnt Sync="TRUE">0</efeacnt><spindex Sync="TRUE">TRUE</spindex><linrefer Sync="TRUE">FALSE</linrefer></esriterm><sdtsterm Name="KB_AT"><sdtstype Sync="TRUE">G-polygon</sdtstype><ptvctcnt Sync="TRUE">0</ptvctcnt></sdtsterm></ptvctinf></spdoinfo><spref><horizsys><cordsysn><geogcsn Sync="TRUE">GCS_WGS_1984</geogcsn><projcsn Sync="TRUE">WGS_1984_UTM_Zone_30N</projcsn></cordsysn><planar><planci><plance Sync="TRUE">coordinate pair</plance><plandu Sync="TRUE">meters</plandu><coordrep><absres Sync="TRUE">0.000100</absres><ordres Sync="TRUE">0.000100</ordres></coordrep></planci><gridsys><gridsysn Sync="TRUE">Universal Transverse Mercator</gridsysn><utm><utmzone Sync="TRUE">30</utmzone><transmer><sfctrmer Sync="TRUE">0.999600</sfctrmer><longcm Sync="TRUE">-3.000000</longcm><latprjo Sync="TRUE">0.000000</latprjo><feast Sync="TRUE">500000.000000</feast><fnorth Sync="TRUE">0.000000</fnorth></transmer></utm></gridsys></planar><geodetic><horizdn Sync="TRUE">D_WGS_1984</horizdn><ellips Sync="TRUE">WGS_1984</ellips><semiaxis Sync="TRUE">6378137.000000</semiaxis><denflat Sync="TRUE">298.257224</denflat></geodetic></horizsys></spref><refSysInfo><RefSystem><refSysID><identCode Sync="TRUE">WGS_1984_UTM_Zone_30N</identCode></refSysID></RefSystem></refSysInfo><spatRepInfo><VectSpatRep><topLvl><TopoLevCd Sync="TRUE" value="001"></TopoLevCd></topLvl><geometObjs Name="KB_AT"><geoObjTyp><GeoObjTypCd Sync="TRUE" value="001"></GeoObjTypCd></geoObjTyp><geoObjCnt Sync="TRUE">0</geoObjCnt></geometObjs></VectSpatRep></spatRepInfo><eainfo><detailed Name="KB_AT"><attr><attrlabl Sync="TRUE">Time_RD</attrlabl><attalias Sync="TRUE">Time_RD</attalias><attrtype Sync="TRUE">Number</attrtype><attwidth Sync="TRUE">19</attwidth><atnumdec Sync="TRUE">6</atnumdec></attr><enttyp><enttypl Sync="TRUE">KB_AT</enttypl><enttypt Sync="TRUE">Feature Class</enttypt><enttypc Sync="TRUE">0</enttypc></enttyp><attr><attrlabl Sync="TRUE">Shape</attrlabl><attalias Sync="TRUE">Shape</attalias><attrtype Sync="TRUE">Geometry</attrtype><attwidth Sync="TRUE">0</attwidth><atprecis Sync="TRUE">0</atprecis><attscale Sync="TRUE">0</attscale><attrdef Sync="TRUE">Feature geometry.</attrdef><attrdefs Sync="TRUE">ESRI</attrdefs><attrdomv><udom Sync="TRUE">Coordinates defining the features.</udom></attrdomv></attr><attr><attrlabl Sync="TRUE">quid</attrlabl><attalias Sync="TRUE">quid</attalias><attrtype Sync="TRUE">String</attrtype><attwidth Sync="TRUE">254</attwidth></attr><attr><attrlabl Sync="TRUE">Surveyor</attrlabl><attalias Sync="TRUE">Surveyor</attalias><attrtype Sync="TRUE">String</attrtype><attwidth Sync="TRUE">254</attwidth></attr><attr><attrlabl Sync="TRUE">FarmCode</attrlabl><attalias Sync="TRUE">FarmCode</attalias><attrtype Sync="TRUE">String</attrtype><attwidth Sync="TRUE">254</attwidth></attr><attr><attrlabl Sync="TRUE">ADVZID</attrlabl><attalias Sync="TRUE">ADVZID</attalias><attrtype Sync="TRUE">String</attrtype><attwidth Sync="TRUE">254</attwidth></attr><attr><attrlabl Sync="TRUE">Region</attrlabl><attalias Sync="TRUE">Region</attalias><attrtype Sync="TRUE">String</attrtype><attwidth Sync="TRUE">254</attwidth></attr><attr><attrlabl Sync="TRUE">District</attrlabl><attalias Sync="TRUE">District</attalias><attrtype Sync="TRUE">String</attrtype><attwidth Sync="TRUE">254</attwidth></attr><attr><attrlabl Sync="TRUE">FARmerID</attrlabl><attalias Sync="TRUE">FARmerID</attalias><attrtype Sync="TRUE">String</attrtype><attwidth Sync="TRUE">254</attwidth></attr><attr><attrlabl Sync="TRUE">Farname</attrlabl><attalias Sync="TRUE">Farname</attalias><attrtype Sync="TRUE">String</attrtype><attwidth Sync="TRUE">254</attwidth></attr><attr><attrlabl Sync="TRUE">WorkMiDA</attrlabl><attalias Sync="TRUE">WorkMiDA</attalias><attrtype Sync="TRUE">String</attrtype><attwidth Sync="TRUE">254</attwidth></attr><attr><attrlabl Sync="TRUE">FARponame</attrlabl><attalias Sync="TRUE">FARponame</attalias><attrtype Sync="TRUE">String</attrtype><attwidth Sync="TRUE">254</attwidth></attr><attr><attrlabl Sync="TRUE">Sex</attrlabl><attalias Sync="TRUE">Sex</attalias><attrtype Sync="TRUE">String</attrtype><attwidth Sync="TRUE">254</attwidth></attr><attr><attrlabl Sync="TRUE">Age</attrlabl><attalias Sync="TRUE">Age</attalias><attrtype Sync="TRUE">Number</attrtype><attwidth Sync="TRUE">19</attwidth><atnumdec Sync="TRUE">6</atnumdec></attr><attr><attrlabl Sync="TRUE">FARHEDU</attrlabl><attalias Sync="TRUE">FARHEDU</attalias><attrtype Sync="TRUE">String</attrtype><attwidth Sync="TRUE">254</attwidth></attr><attr><attrlabl Sync="TRUE">Community</attrlabl><attalias Sync="TRUE">Community</attalias><attrtype Sync="TRUE">String</attrtype><attwidth Sync="TRUE">254</attwidth></attr><attr><attrlabl Sync="TRUE">Type</attrlabl><attalias Sync="TRUE">Type</attalias><attrtype Sync="TRUE">String</attrtype><attwidth Sync="TRUE">254</attwidth></attr><attr><attrlabl Sync="TRUE">FARCont</attrlabl><attalias Sync="TRUE">FARCont</attalias><attrtype Sync="TRUE">String</attrtype><attwidth Sync="TRUE">254</attwidth></attr><attr><attrlabl Sync="TRUE">HSEhead</attrlabl><attalias Sync="TRUE">HSEhead</attalias><attrtype Sync="TRUE">String</attrtype><attwidth Sync="TRUE">254</attwidth></attr><attr><attrlabl Sync="TRUE">HSEheadSex</attrlabl><attalias Sync="TRUE">HSEheadSex</attalias><attrtype Sync="TRUE">String</attrtype><attwidth Sync="TRUE">254</attwidth></attr><attr><attrlabl Sync="TRUE">HSEheadAge</attrlabl><attalias Sync="TRUE">HSEheadAge</attalias><attrtype Sync="TRUE">Number</attrtype><attwidth Sync="TRUE">19</attwidth><atnumdec Sync="TRUE">6</atnumdec></attr><attr><attrlabl Sync="TRUE">NCSGA</attrlabl><attalias Sync="TRUE">NCSGA</attalias><attrtype Sync="TRUE">Number</attrtype><attwidth Sync="TRUE">19</attwidth><atnumdec Sync="TRUE">6</atnumdec></attr><attr><attrlabl Sync="TRUE">NCIS</attrlabl><attalias Sync="TRUE">NCIS</attalias><attrtype Sync="TRUE">Number</attrtype><attwidth Sync="TRUE">19</attwidth><atnumdec Sync="TRUE">6</atnumdec></attr><attr><attrlabl Sync="TRUE">HHEDU</attrlabl><attalias Sync="TRUE">HHEDU</attalias><attrtype Sync="TRUE">String</attrtype><attwidth Sync="TRUE">254</attwidth></attr><attr><attrlabl Sync="TRUE">FArea</attrlabl><attalias Sync="TRUE">FArea</attalias><attrtype Sync="TRUE">Number</attrtype><attwidth Sync="TRUE">19</attwidth><atnumdec Sync="TRUE">6</atnumdec></attr><attr><attrlabl Sync="TRUE">FCoord</attrlabl><attalias Sync="TRUE">FCoord</attalias><attrtype Sync="TRUE">String</attrtype><attwidth Sync="TRUE">254</attwidth></attr><attr><attrlabl Sync="TRUE">FMajCrop</attrlabl><attalias Sync="TRUE">FMajCrop</attalias><attrtype Sync="TRUE">String</attrtype><attwidth Sync="TRUE">254</attwidth></attr><attr><attrlabl Sync="TRUE">FMajCroA</attrlabl><attalias Sync="TRUE">FMajCroA</attalias><attrtype Sync="TRUE">Number</attrtype><attwidth Sync="TRUE">19</attwidth><atnumdec Sync="TRUE">6</atnumdec></attr><attr><attrlabl Sync="TRUE">FMajCVol</attrlabl><attalias Sync="TRUE">FMajCVol</attalias><attrtype Sync="TRUE">String</attrtype><attwidth Sync="TRUE">254</attwidth></attr><attr><attrlabl Sync="TRUE">FminCrop</attrlabl><attalias Sync="TRUE">FminCrop</attalias><attrtype Sync="TRUE">String</attrtype><attwidth Sync="TRUE">254</attwidth></attr><attr><attrlabl Sync="TRUE">FMinCroA</attrlabl><attalias Sync="TRUE">FMinCroA</attalias><attrtype Sync="TRUE">Number</attrtype><attwidth Sync="TRUE">19</attwidth><atnumdec Sync="TRUE">6</atnumdec></attr><attr><attrlabl Sync="TRUE">FMinVol</attrlabl><attalias Sync="TRUE">FMinVol</attalias><attrtype Sync="TRUE">String</attrtype><attwidth Sync="TRUE">254</attwidth></attr><attr><attrlabl Sync="TRUE">FBOmem</attrlabl><attalias Sync="TRUE">FBOmem</attalias><attrtype Sync="TRUE">String</attrtype><attwidth Sync="TRUE">254</attwidth></attr><attr><attrlabl Sync="TRUE">FBOName</attrlabl><attalias Sync="TRUE">FBOName</attalias><attrtype Sync="TRUE">String</attrtype><attwidth Sync="TRUE">254</attwidth></attr><attr><attrlabl Sync="TRUE">SurvName</attrlabl><attalias Sync="TRUE">SurvName</attalias><attrtype Sync="TRUE">String</attrtype><attwidth Sync="TRUE">254</attwidth></attr><attr><attrlabl Sync="TRUE">DateSurve</attrlabl><attalias Sync="TRUE">DateSurve</attalias><attrtype Sync="TRUE">Date</attrtype><attwidth Sync="TRUE">8</attwidth></attr><attr><attrlabl Sync="TRUE">Spacing</attrlabl><attalias Sync="TRUE">Spacing</attalias><attrtype Sync="TRUE">Number</attrtype><attwidth Sync="TRUE">19</attwidth><atnumdec Sync="TRUE">6</atnumdec></attr><attr><attrlabl Sync="TRUE">PlantPop</attrlabl><attalias Sync="TRUE">PlantPop</attalias><attrtype Sync="TRUE">Number</attrtype><attwidth Sync="TRUE">19</attwidth><atnumdec Sync="TRUE">6</atnumdec></attr><attr><attrlabl Sync="TRUE">Variety</attrlabl><attalias Sync="TRUE">Variety</attalias><attrtype Sync="TRUE">String</attrtype><attwidth Sync="TRUE">254</attwidth></attr><attr><attrlabl Sync="TRUE">YearPlante</attrlabl><attalias Sync="TRUE">YearPlante</attalias><attrtype Sync="TRUE">Number</attrtype><attwidth Sync="TRUE">19</attwidth><atnumdec Sync="TRUE">6</atnumdec></attr><attr><attrlabl Sync="TRUE">TreeAge</attrlabl><attalias Sync="TRUE">TreeAge</attalias><attrtype Sync="TRUE">Number</attrtype><attwidth Sync="TRUE">19</attwidth><atnumdec Sync="TRUE">6</atnumdec></attr><attr><attrlabl Sync="TRUE">Pro_MedS</attrlabl><attalias Sync="TRUE">Pro_MedS</attalias><attrtype Sync="TRUE">Number</attrtype><attwidth Sync="TRUE">19</attwidth><atnumdec Sync="TRUE">6</atnumdec></attr><attr><attrlabl Sync="TRUE">Pro_LatVal</attrlabl><attalias Sync="TRUE">Pro_LatVal</attalias><attrtype Sync="TRUE">Number</attrtype><attwidth Sync="TRUE">19</attwidth><atnumdec Sync="TRUE">6</atnumdec></attr><attr><attrlabl Sync="TRUE">Pro_RedBLD</attrlabl><attalias Sync="TRUE">Pro_RedBLD</attalias><attrtype Sync="TRUE">Number</attrtype><attwidth Sync="TRUE">19</attwidth><atnumdec Sync="TRUE">6</atnumdec></attr><attr><attrlabl Sync="TRUE">Pro_WasNav</attrlabl><attalias Sync="TRUE">Pro_WasNav</attalias><attrtype Sync="TRUE">Number</attrtype><attwidth Sync="TRUE">19</attwidth><atnumdec Sync="TRUE">6</atnumdec></attr><attr><attrlabl Sync="TRUE">ProOrth</attrlabl><attalias Sync="TRUE">ProOrth</attalias><attrtype Sync="TRUE">Number</attrtype><attwidth Sync="TRUE">19</attwidth><atnumdec Sync="TRUE">6</atnumdec></attr><attr><attrlabl Sync="TRUE">ProLocals</attrlabl><attalias Sync="TRUE">ProLocals</attalias><attrtype Sync="TRUE">Number</attrtype><attwidth Sync="TRUE">19</attwidth><atnumdec Sync="TRUE">6</atnumdec></attr><attr><attrlabl Sync="TRUE">Pro_tang</attrlabl><attalias Sync="TRUE">Pro_tang</attalias><attrtype Sync="TRUE">Number</attrtype><attwidth Sync="TRUE">19</attwidth><atnumdec Sync="TRUE">6</atnumdec></attr><attr><attrlabl Sync="TRUE">Pro_Other</attrlabl><attalias Sync="TRUE">Pro_Other</attalias><attrtype Sync="TRUE">Number</attrtype><attwidth Sync="TRUE">19</attwidth><atnumdec Sync="TRUE">6</atnumdec></attr><attr><attrlabl Sync="TRUE">Rootstock</attrlabl><attalias Sync="TRUE">Rootstock</attalias><attrtype Sync="TRUE">String</attrtype><attwidth Sync="TRUE">254</attwidth></attr><attr><attrlabl Sync="TRUE">Majharv_ti</attrlabl><attalias Sync="TRUE">Majharv_ti</attalias><attrtype Sync="TRUE">String</attrtype><attwidth Sync="TRUE">254</attwidth></attr><attr><attrlabl Sync="TRUE">minharv_ti</attrlabl><attalias Sync="TRUE">minharv_ti</attalias><attrtype Sync="TRUE">String</attrtype><attwidth Sync="TRUE">254</attwidth></attr><attr><attrlabl Sync="TRUE">Flo_period</attrlabl><attalias Sync="TRUE">Flo_period</attalias><attrtype Sync="TRUE">Number</attrtype><attwidth Sync="TRUE">19</attwidth><atnumdec Sync="TRUE">6</atnumdec></attr><attr><attrlabl Sync="TRUE">FCPT</attrlabl><attalias Sync="TRUE">FCPT</attalias><attrtype Sync="TRUE">Number</attrtype><attwidth Sync="TRUE">19</attwidth><atnumdec Sync="TRUE">6</atnumdec></attr><attr><attrlabl Sync="TRUE">FQHPA</attrlabl><attalias Sync="TRUE">FQHPA</attalias><attrtype Sync="TRUE">Number</attrtype><attwidth Sync="TRUE">19</attwidth><atnumdec Sync="TRUE">6</atnumdec></attr><attr><attrlabl Sync="TRUE">marketacc</attrlabl><attalias Sync="TRUE">marketacc</attalias><attrtype Sync="TRUE">String</attrtype><attwidth Sync="TRUE">254</attwidth></attr><attr><attrlabl Sync="TRUE">Mainbuyer</attrlabl><attalias Sync="TRUE">Mainbuyer</attalias><attrtype Sync="TRUE">String</attrtype><attwidth Sync="TRUE">254</attwidth></attr><attr><attrlabl Sync="TRUE">Nd_2uyer</attrlabl><attalias Sync="TRUE">Nd_2uyer</attalias><attrtype Sync="TRUE">String</attrtype><attwidth Sync="TRUE">254</attwidth></attr><attr><attrlabl Sync="TRUE">Roadacce</attrlabl><attalias Sync="TRUE">Roadacce</attalias><attrtype Sync="TRUE">String</attrtype><attwidth Sync="TRUE">254</attwidth></attr><attr><attrlabl Sync="TRUE">DIST_RD</attrlabl><attalias Sync="TRUE">DIST_RD</attalias><attrtype Sync="TRUE">Number</attrtype><attwidth Sync="TRUE">19</attwidth><atnumdec Sync="TRUE">6</atnumdec></attr><attr><attrlabl Sync="TRUE">OBJECTID</attrlabl><attalias Sync="TRUE">OBJECTID</attalias><attrtype Sync="TRUE">OID</attrtype><attwidth Sync="TRUE">4</attwidth><atprecis Sync="TRUE">0</atprecis><attscale Sync="TRUE">0</attscale><attrdef Sync="TRUE">Internal feature number.</attrdef><attrdefs Sync="TRUE">ESRI</attrdefs><attrdomv><udom Sync="TRUE">Sequential unique whole numbers that are automatically generated.</udom></attrdomv></attr><attr><attrlabl Sync="TRUE">F_AREA</attrlabl><attalias Sync="TRUE">F_AREA</attalias><attrtype Sync="TRUE">Double</attrtype><attwidth Sync="TRUE">8</attwidth><atprecis Sync="TRUE">0</atprecis><attscale Sync="TRUE">0</attscale></attr><attr><attrlabl Sync="TRUE">Area_acre</attrlabl><attalias Sync="TRUE">Area_acre</attalias><attrtype Sync="TRUE">Double</attrtype><attwidth Sync="TRUE">8</attwidth><atprecis Sync="TRUE">0</atprecis><attscale Sync="TRUE">0</attscale></attr><attr><attrlabl Sync="TRUE">Shape_Length</attrlabl><attalias Sync="TRUE">Shape_Length</attalias><attrtype Sync="TRUE">Double</attrtype><attwidth Sync="TRUE">8</attwidth><atprecis Sync="TRUE">0</atprecis><attscale Sync="TRUE">0</attscale><attrdef Sync="TRUE">Length of feature in internal units.</attrdef><attrdefs Sync="TRUE">ESRI</attrdefs><attrdomv><udom Sync="TRUE">Positive real numbers that are automatically generated.</udom></attrdomv></attr><attr><attrlabl Sync="TRUE">Shape_Area</attrlabl><attalias Sync="TRUE">Shape_Area</attalias><attrtype Sync="TRUE">Double</attrtype><attwidth Sync="TRUE">8</attwidth><atprecis Sync="TRUE">0</atprecis><attscale Sync="TRUE">0</attscale><attrdef Sync="TRUE">Area of feature in internal units squared.</attrdef><attrdefs Sync="TRUE">ESRI</attrdefs><attrdomv><udom Sync="TRUE">Positive real numbers that are automatically generated.</udom></attrdomv></attr></detailed></eainfo><mdDateSt Sync="TRUE">20100915</mdDateSt><dataqual><lineage><procstep><procdesc Sync="TRUE">Dataset copied.</procdesc><srcused Sync="TRUE">C:\Projects\ACDI_VOCA\advancegis\Kwaebibirem\KB_Area</srcused><date Sync="TRUE">20100915</date><time Sync="TRUE">12242100</time></procstep><procstep><procdesc Sync="TRUE">Dataset copied.</procdesc><srcused Sync="TRUE">\\GEORGE-PC\E$\advancegis\Citrus_farms_database\Citrus_farms_database\Database.gdb</srcused><procdate Sync="TRUE">20100918</procdate><proctime Sync="TRUE">23344100</proctime></procstep><procstep><procdesc Sync="TRUE">Dataset copied.</procdesc><srcused Sync="TRUE"></srcused><procdate Sync="TRUE">20111206</procdate><proctime Sync="TRUE">13055300</proctime></procstep></lineage></dataqual></metadata>
